metric,value
mean,9817.084177340315
median,5474.0
mode,5749.0
std_dev,13193.01971932465
min,0.10557
max,63736.0
correlation_amount_date,-0.002856744983541049
trend_slope,-0.0886239325003446
trend_intercept,11532.85715557363
forecast_next_30_days,9749.920881531698
